feature,importance
12_credditcard_CC_AMT_BALANCE_SUM,47.666666666666664
12_credditcard_CC_AMT_BALANCE_VAR,11.333333333333334
12_credditcard_CC_AMT_CREDIT_LIMIT_ACTUAL_MEAN,25.666666666666668
12_credditcard_CC_AMT_CREDIT_LIMIT_ACTUAL_SUM,29.333333333333332
12_credditcard_CC_AMT_CREDIT_LIMIT_ACTUAL_VAR,28.666666666666668
12_credditcard_CC_AMT_DRAWINGS_ATM_CURRENT_MAX,21.0
12_credditcard_CC_AMT_DRAWINGS_ATM_CURRENT_MEAN,13.333333333333334
12_credditcard_CC_AMT_DRAWINGS_ATM_CURRENT_SUM,15.666666666666666
12_credditcard_CC_AMT_DRAWINGS_ATM_CURRENT_VAR,30.666666666666668
12_credditcard_CC_AMT_DRAWINGS_CURRENT_MAX,15.0
12_credditcard_CC_AMT_DRAWINGS_CURRENT_MIN,15.333333333333334
12_credditcard_CC_AMT_DRAWINGS_CURRENT_VAR,10.666666666666666
12_credditcard_CC_AMT_DRAWINGS_POS_CURRENT_MAX,17.0
12_credditcard_CC_AMT_DRAWINGS_POS_CURRENT_MEAN,12.0
12_credditcard_CC_AMT_DRAWINGS_POS_CURRENT_SUM,12.333333333333334
12_credditcard_CC_AMT_DRAWINGS_POS_CURRENT_VAR,11.0
12_credditcard_CC_AMT_INST_MIN_REGULARITY_SUM,28.333333333333332
12_credditcard_CC_AMT_INST_MIN_REGULARITY_VAR,30.0
12_credditcard_CC_AMT_PAYMENT_CURRENT_MAX,14.666666666666666
12_credditcard_CC_AMT_PAYMENT_CURRENT_MIN,26.666666666666668
12_credditcard_CC_AMT_PAYMENT_CURRENT_SUM,20.0
12_credditcard_CC_AMT_PAYMENT_CURRENT_VAR,24.666666666666668
12_credditcard_CC_AMT_PAYMENT_TOTAL_CURRENT_MAX,10.0
12_credditcard_CC_AMT_PAYMENT_TOTAL_CURRENT_MEAN,11.0
12_credditcard_CC_AMT_PAYMENT_TOTAL_CURRENT_VAR,15.333333333333334
12_credditcard_CC_AMT_RECEIVABLE_PRINCIPAL_VAR,17.333333333333332
12_credditcard_CC_AMT_RECIVABLE_VAR,12.0
12_credditcard_CC_CNT_DRAWINGS_ATM_CURRENT_MAX,18.333333333333332
12_credditcard_CC_CNT_DRAWINGS_ATM_CURRENT_MEAN,71.66666666666667
12_credditcard_CC_CNT_DRAWINGS_ATM_CURRENT_SUM,47.0
12_credditcard_CC_CNT_DRAWINGS_ATM_CURRENT_VAR,85.33333333333333
12_credditcard_CC_CNT_DRAWINGS_CURRENT_MAX,19.666666666666668
12_credditcard_CC_CNT_DRAWINGS_CURRENT_MEAN,18.0
12_credditcard_CC_CNT_DRAWINGS_CURRENT_VAR,57.333333333333336
12_credditcard_CC_CNT_DRAWINGS_POS_CURRENT_MAX,14.333333333333334
12_credditcard_CC_CNT_INSTALMENT_MATURE_CUM_VAR,12.0
12_poscash_POS_CNT_INSTALMENT_FUTURE_MAX,451.3333333333333
12_poscash_POS_MONTHS_BALANCE_MAX,16.0
12_poscash_POS_MONTHS_BALANCE_MEAN,124.33333333333333
12_poscash_POS_MONTHS_BALANCE_SIZE,93.33333333333333
12_poscash_POS_NAME_CONTRACT_STATUS_Active_MEAN,86.66666666666667
12_poscash_POS_NAME_CONTRACT_STATUS_Completed_MEAN,59.333333333333336
12_poscash_POS_NAME_CONTRACT_STATUS_Returned to the store_MEAN,15.666666666666666
12_poscash_POS_NAME_CONTRACT_STATUS_Signed_MEAN,22.333333333333332
12_poscash_POS_SK_DPD_DEF_MAX,14.0
12_poscash_POS_SK_DPD_DEF_MEAN,47.0
12_poscash_POS_SK_DPD_MAX,22.333333333333332
12_poscash_POS_SK_DPD_MEAN,39.333333333333336
180_bb_ACTIVE_AMT_ANNUITY_MEAN,28.0
180_bb_ACTIVE_AMT_CREDIT_MAX_OVERDUE_MEAN,14.333333333333334
180_bb_ACTIVE_AMT_CREDIT_SUM_DEBT_MEAN,50.0
180_bb_ACTIVE_AMT_CREDIT_SUM_DEBT_SUM,64.33333333333333
180_bb_ACTIVE_AMT_CREDIT_SUM_MEAN,52.333333333333336
180_bb_ACTIVE_AMT_CREDIT_SUM_SUM,68.0
180_bb_ACTIVE_DAYS_CREDIT_ENDDATE_MEAN,67.66666666666667
180_bb_ACTIVE_DAYS_CREDIT_MEAN,65.33333333333333
180_bb_ACTIVE_DAYS_CREDIT_UPDATE_MEAN,56.666666666666664
180_bb_ACTIVE_DAYS_CREDIT_VAR,50.333333333333336
180_bb_ACTIVE_MONTHS_BALANCE_SIZE_MEAN,14.0
180_bb_BURO_AMT_ANNUITY_MEAN,18.0
180_bb_BURO_AMT_ANNUITY_SUM,11.0
180_bb_BURO_AMT_CREDIT_MAX_OVERDUE_MEAN,17.333333333333332
180_bb_BURO_AMT_CREDIT_SUM_DEBT_MEAN,92.33333333333333
180_bb_BURO_AMT_CREDIT_SUM_DEBT_SUM,32.333333333333336
180_bb_BURO_AMT_CREDIT_SUM_MEAN,62.666666666666664
180_bb_BURO_AMT_CREDIT_SUM_SUM,86.66666666666667
180_bb_BURO_CREDIT_DAY_OVERDUE_COUNT,29.0
180_bb_BURO_CREDIT_TYPE_Consumer credit_MEAN,25.0
180_bb_BURO_CREDIT_TYPE_Credit card_MEAN,10.333333333333334
180_bb_BURO_CREDIT_TYPE_Microloan_MEAN,25.0
180_bb_BURO_CREDIT_TYPE_Mortgage_MEAN,15.0
180_bb_BURO_DAYS_CREDIT_ENDDATE_MEAN,103.66666666666667
180_bb_BURO_DAYS_CREDIT_MEAN,67.33333333333333
180_bb_BURO_DAYS_CREDIT_UPDATE_MEAN,63.333333333333336
180_bb_BURO_DAYS_CREDIT_VAR,72.33333333333333
180_bb_BURO_MONTHS_BALANCE_MIN_MIN,13.333333333333334
180_bb_BURO_MONTHS_BALANCE_SIZE_MEAN,12.666666666666666
180_bb_BURO_MONTHS_BALANCE_SIZE_SUM,16.0
180_bb_CLOSED_AMT_CREDIT_SUM_MEAN,14.333333333333334
180_bb_CLOSED_DAYS_CREDIT_ENDDATE_MEAN,26.333333333333332
180_bb_CLOSED_DAYS_CREDIT_MEAN,19.0
180_bb_CLOSED_DAYS_CREDIT_UPDATE_MEAN,11.0
180_instpay_INSTAL_AMT_INSTALMENT_MAX,67.0
180_instpay_INSTAL_AMT_INSTALMENT_MEAN,70.66666666666667
180_instpay_INSTAL_AMT_INSTALMENT_SUM,91.0
180_instpay_INSTAL_AMT_PAYMENT_MAX,64.33333333333333
180_instpay_INSTAL_AMT_PAYMENT_MEAN,99.0
180_instpay_INSTAL_AMT_PAYMENT_MIN,153.66666666666666
180_instpay_INSTAL_AMT_PAYMENT_SUM,91.0
180_instpay_INSTAL_COUNT,17.0
180_instpay_INSTAL_DAYS_ENTRY_PAYMENT_MAX,98.33333333333333
180_instpay_INSTAL_DAYS_ENTRY_PAYMENT_MEAN,147.0
180_instpay_INSTAL_DAYS_ENTRY_PAYMENT_SUM,117.0
180_instpay_INSTAL_DBD_MAX,123.66666666666667
180_instpay_INSTAL_DBD_MEAN,153.0
180_instpay_INSTAL_DBD_SUM,130.33333333333334
180_instpay_INSTAL_DPD_MAX,68.66666666666667
180_instpay_INSTAL_DPD_MEAN,68.0
180_instpay_INSTAL_DPD_SUM,40.666666666666664
180_instpay_INSTAL_NUM_INSTALMENT_VERSION_NUNIQUE,23.333333333333332
180_instpay_INSTAL_PAYMENT_DIFF_MEAN,29.333333333333332
180_instpay_INSTAL_PAYMENT_DIFF_SUM,24.0
180_instpay_INSTAL_PAYMENT_DIFF_VAR,25.0
180_instpay_INSTAL_PAYMENT_PERC_MEAN,19.666666666666668
180_instpay_INSTAL_PAYMENT_PERC_SUM,35.0
180_instpay_INSTAL_PAYMENT_PERC_VAR,40.0
270_bb_ACTIVE_AMT_ANNUITY_MAX,20.0
270_bb_ACTIVE_AMT_ANNUITY_MEAN,19.666666666666668
270_bb_ACTIVE_AMT_ANNUITY_SUM,13.333333333333334
270_bb_ACTIVE_AMT_CREDIT_MAX_OVERDUE_MEAN,36.0
270_bb_ACTIVE_AMT_CREDIT_SUM_DEBT_MEAN,75.66666666666667
270_bb_ACTIVE_AMT_CREDIT_SUM_DEBT_SUM,96.66666666666667
270_bb_ACTIVE_AMT_CREDIT_SUM_LIMIT_MEAN,21.666666666666668
270_bb_ACTIVE_AMT_CREDIT_SUM_MEAN,57.666666666666664
270_bb_ACTIVE_AMT_CREDIT_SUM_SUM,85.0
270_bb_ACTIVE_CREDIT_DAY_OVERDUE_COUNT,13.666666666666666
270_bb_ACTIVE_DAYS_CREDIT_ENDDATE_MEAN,233.66666666666666
270_bb_ACTIVE_DAYS_CREDIT_MEAN,87.33333333333333
270_bb_ACTIVE_DAYS_CREDIT_UPDATE_MEAN,92.33333333333333
270_bb_ACTIVE_DAYS_CREDIT_VAR,69.33333333333333
270_bb_ACTIVE_MONTHS_BALANCE_SIZE_MEAN,13.333333333333334
270_bb_ACTIVE_MONTHS_BALANCE_SIZE_SUM,20.666666666666668
270_bb_BURO_AMT_ANNUITY_MAX,13.0
270_bb_BURO_AMT_ANNUITY_MEAN,22.666666666666668
270_bb_BURO_AMT_ANNUITY_SUM,16.333333333333332
270_bb_BURO_AMT_CREDIT_MAX_OVERDUE_MEAN,34.0
270_bb_BURO_AMT_CREDIT_SUM_DEBT_MEAN,112.66666666666667
270_bb_BURO_AMT_CREDIT_SUM_DEBT_SUM,52.666666666666664
270_bb_BURO_AMT_CREDIT_SUM_LIMIT_MEAN,30.333333333333332
270_bb_BURO_AMT_CREDIT_SUM_MEAN,70.0
270_bb_BURO_AMT_CREDIT_SUM_SUM,100.33333333333333
270_bb_BURO_CREDIT_DAY_OVERDUE_COUNT,29.0
270_bb_BURO_CREDIT_TYPE_Consumer credit_MEAN,21.0
270_bb_BURO_CREDIT_TYPE_Credit card_MEAN,19.0
270_bb_BURO_CREDIT_TYPE_Microloan_MEAN,69.0
270_bb_BURO_DAYS_CREDIT_ENDDATE_MEAN,153.66666666666666
270_bb_BURO_DAYS_CREDIT_MEAN,118.0
270_bb_BURO_DAYS_CREDIT_UPDATE_MEAN,133.66666666666666
270_bb_BURO_DAYS_CREDIT_VAR,87.0
270_bb_BURO_MONTHS_BALANCE_SIZE_MEAN,14.666666666666666
270_bb_BURO_MONTHS_BALANCE_SIZE_SUM,23.666666666666668
270_bb_BURO_STATUS_0_MEAN_MEAN,20.666666666666668
270_bb_BURO_STATUS_1_MEAN_MEAN,14.333333333333334
270_bb_BURO_STATUS_C_MEAN_MEAN,14.0
270_bb_BURO_STATUS_X_MEAN_MEAN,14.333333333333334
270_bb_CLOSED_AMT_CREDIT_SUM_MEAN,32.666666666666664
270_bb_CLOSED_AMT_CREDIT_SUM_SUM,23.666666666666668
270_bb_CLOSED_DAYS_CREDIT_ENDDATE_MEAN,34.0
270_bb_CLOSED_DAYS_CREDIT_MEAN,56.666666666666664
270_bb_CLOSED_DAYS_CREDIT_UPDATE_MEAN,57.666666666666664
270_bb_CLOSED_DAYS_CREDIT_VAR,17.0
270_bb_CLOSED_MONTHS_BALANCE_SIZE_MEAN,21.0
270_instpay_INSTAL_AMT_INSTALMENT_MAX,74.0
270_instpay_INSTAL_AMT_INSTALMENT_MEAN,71.66666666666667
270_instpay_INSTAL_AMT_INSTALMENT_SUM,97.0
270_instpay_INSTAL_AMT_PAYMENT_MAX,80.33333333333333
270_instpay_INSTAL_AMT_PAYMENT_MEAN,79.0
270_instpay_INSTAL_AMT_PAYMENT_MIN,187.33333333333334
270_instpay_INSTAL_AMT_PAYMENT_SUM,98.33333333333333
270_instpay_INSTAL_COUNT,25.333333333333332
270_instpay_INSTAL_DAYS_ENTRY_PAYMENT_MAX,74.33333333333333
270_instpay_INSTAL_DAYS_ENTRY_PAYMENT_MEAN,213.33333333333334
270_instpay_INSTAL_DAYS_ENTRY_PAYMENT_SUM,131.33333333333334
270_instpay_INSTAL_DBD_MAX,170.33333333333334
270_instpay_INSTAL_DBD_MEAN,154.66666666666666
270_instpay_INSTAL_DBD_SUM,175.0
270_instpay_INSTAL_DPD_MAX,78.33333333333333
270_instpay_INSTAL_DPD_MEAN,135.66666666666666
270_instpay_INSTAL_DPD_SUM,35.0
270_instpay_INSTAL_NUM_INSTALMENT_VERSION_NUNIQUE,34.0
270_instpay_INSTAL_PAYMENT_DIFF_MEAN,29.333333333333332
270_instpay_INSTAL_PAYMENT_DIFF_SUM,33.0
270_instpay_INSTAL_PAYMENT_DIFF_VAR,30.666666666666668
270_instpay_INSTAL_PAYMENT_PERC_MEAN,37.333333333333336
270_instpay_INSTAL_PAYMENT_PERC_SUM,46.333333333333336
270_instpay_INSTAL_PAYMENT_PERC_VAR,49.0
360_bb_ACTIVE_AMT_ANNUITY_MAX,17.333333333333332
360_bb_ACTIVE_AMT_ANNUITY_MEAN,19.666666666666668
360_bb_ACTIVE_AMT_ANNUITY_SUM,11.666666666666666
360_bb_ACTIVE_AMT_CREDIT_MAX_OVERDUE_MEAN,31.0
360_bb_ACTIVE_AMT_CREDIT_SUM_DEBT_MEAN,125.0
360_bb_ACTIVE_AMT_CREDIT_SUM_DEBT_SUM,145.66666666666666
360_bb_ACTIVE_AMT_CREDIT_SUM_LIMIT_MEAN,34.666666666666664
360_bb_ACTIVE_AMT_CREDIT_SUM_LIMIT_SUM,35.666666666666664
360_bb_ACTIVE_AMT_CREDIT_SUM_MEAN,83.33333333333333
360_bb_ACTIVE_AMT_CREDIT_SUM_OVERDUE_MEAN,19.666666666666668
360_bb_ACTIVE_AMT_CREDIT_SUM_SUM,149.33333333333334
360_bb_ACTIVE_CREDIT_DAY_OVERDUE_COUNT,46.666666666666664
360_bb_ACTIVE_DAYS_CREDIT_ENDDATE_MEAN,227.33333333333334
360_bb_ACTIVE_DAYS_CREDIT_MEAN,137.0
360_bb_ACTIVE_DAYS_CREDIT_UPDATE_MEAN,132.33333333333334
360_bb_ACTIVE_DAYS_CREDIT_VAR,85.66666666666667
360_bb_ACTIVE_MONTHS_BALANCE_MIN_MIN,15.666666666666666
360_bb_ACTIVE_MONTHS_BALANCE_SIZE_MEAN,20.666666666666668
360_bb_ACTIVE_MONTHS_BALANCE_SIZE_SUM,56.0
360_bb_BURO_AMT_ANNUITY_MAX,24.666666666666668
360_bb_BURO_AMT_ANNUITY_MEAN,34.666666666666664
360_bb_BURO_AMT_ANNUITY_SUM,27.0
360_bb_BURO_AMT_CREDIT_MAX_OVERDUE_MEAN,87.0
360_bb_BURO_AMT_CREDIT_SUM_DEBT_MEAN,217.33333333333334
360_bb_BURO_AMT_CREDIT_SUM_DEBT_SUM,96.33333333333333
360_bb_BURO_AMT_CREDIT_SUM_LIMIT_MEAN,42.0
360_bb_BURO_AMT_CREDIT_SUM_LIMIT_SUM,25.666666666666668
360_bb_BURO_AMT_CREDIT_SUM_MEAN,125.66666666666667
360_bb_BURO_AMT_CREDIT_SUM_OVERDUE_MEAN,33.333333333333336
360_bb_BURO_AMT_CREDIT_SUM_SUM,128.66666666666666
360_bb_BURO_CREDIT_ACTIVE_Closed_MEAN,12.333333333333334
360_bb_BURO_CREDIT_DAY_OVERDUE_COUNT,24.0
360_bb_BURO_CREDIT_TYPE_Car loan_MEAN,16.666666666666668
360_bb_BURO_CREDIT_TYPE_Consumer credit_MEAN,31.666666666666668
360_bb_BURO_CREDIT_TYPE_Credit card_MEAN,30.666666666666668
360_bb_BURO_CREDIT_TYPE_Microloan_MEAN,15.666666666666666
360_bb_BURO_DAYS_CREDIT_ENDDATE_MEAN,252.66666666666666
360_bb_BURO_DAYS_CREDIT_MEAN,186.66666666666666
360_bb_BURO_DAYS_CREDIT_UPDATE_MEAN,152.66666666666666
360_bb_BURO_DAYS_CREDIT_VAR,80.33333333333333
360_bb_BURO_MONTHS_BALANCE_MIN_MIN,8.333333333333334
360_bb_BURO_MONTHS_BALANCE_SIZE_MEAN,29.333333333333332
360_bb_BURO_MONTHS_BALANCE_SIZE_SUM,36.666666666666664
360_bb_BURO_STATUS_0_MEAN_MEAN,36.333333333333336
360_bb_BURO_STATUS_1_MEAN_MEAN,11.333333333333334
360_bb_BURO_STATUS_C_MEAN_MEAN,16.666666666666668
360_bb_BURO_STATUS_X_MEAN_MEAN,44.333333333333336
360_bb_CLOSED_AMT_ANNUITY_SUM,17.333333333333332
360_bb_CLOSED_AMT_CREDIT_MAX_OVERDUE_MEAN,14.0
360_bb_CLOSED_AMT_CREDIT_SUM_MEAN,41.666666666666664
360_bb_CLOSED_AMT_CREDIT_SUM_SUM,23.0
360_bb_CLOSED_DAYS_CREDIT_ENDDATE_MEAN,71.33333333333333
360_bb_CLOSED_DAYS_CREDIT_MEAN,101.0
360_bb_CLOSED_DAYS_CREDIT_UPDATE_MEAN,49.666666666666664
360_bb_CLOSED_DAYS_CREDIT_VAR,25.333333333333332
360_instpay_INSTAL_AMT_INSTALMENT_MAX,143.66666666666666
360_instpay_INSTAL_AMT_INSTALMENT_MEAN,86.66666666666667
360_instpay_INSTAL_AMT_INSTALMENT_SUM,79.33333333333333
360_instpay_INSTAL_AMT_PAYMENT_MAX,114.33333333333333
360_instpay_INSTAL_AMT_PAYMENT_MEAN,92.0
360_instpay_INSTAL_AMT_PAYMENT_MIN,259.0
360_instpay_INSTAL_AMT_PAYMENT_SUM,105.66666666666667
360_instpay_INSTAL_COUNT,35.0
360_instpay_INSTAL_DAYS_ENTRY_PAYMENT_MAX,84.33333333333333
360_instpay_INSTAL_DAYS_ENTRY_PAYMENT_MEAN,245.0
360_instpay_INSTAL_DAYS_ENTRY_PAYMENT_SUM,182.33333333333334
360_instpay_INSTAL_DBD_MAX,209.33333333333334
360_instpay_INSTAL_DBD_MEAN,164.66666666666666
360_instpay_INSTAL_DBD_SUM,200.33333333333334
360_instpay_INSTAL_DPD_MAX,196.66666666666666
360_instpay_INSTAL_DPD_MEAN,365.6666666666667
360_instpay_INSTAL_DPD_SUM,68.33333333333333
360_instpay_INSTAL_NUM_INSTALMENT_VERSION_NUNIQUE,59.0
360_instpay_INSTAL_PAYMENT_DIFF_MEAN,62.0
360_instpay_INSTAL_PAYMENT_DIFF_SUM,71.33333333333333
360_instpay_INSTAL_PAYMENT_DIFF_VAR,66.66666666666667
360_instpay_INSTAL_PAYMENT_PERC_MEAN,85.0
360_instpay_INSTAL_PAYMENT_PERC_SUM,81.0
360_instpay_INSTAL_PAYMENT_PERC_VAR,58.333333333333336
3_credditcard_CC_AMT_BALANCE_MAX,24.333333333333332
3_credditcard_CC_AMT_BALANCE_MEAN,20.333333333333332
3_credditcard_CC_AMT_BALANCE_MIN,36.333333333333336
3_credditcard_CC_AMT_BALANCE_SUM,33.666666666666664
3_credditcard_CC_AMT_BALANCE_VAR,31.333333333333332
3_credditcard_CC_AMT_CREDIT_LIMIT_ACTUAL_MEAN,19.333333333333332
3_credditcard_CC_AMT_CREDIT_LIMIT_ACTUAL_MIN,11.666666666666666
3_credditcard_CC_AMT_CREDIT_LIMIT_ACTUAL_SUM,34.666666666666664
3_credditcard_CC_AMT_CREDIT_LIMIT_ACTUAL_VAR,16.333333333333332
3_credditcard_CC_AMT_DRAWINGS_ATM_CURRENT_MEAN,23.0
3_credditcard_CC_AMT_DRAWINGS_ATM_CURRENT_SUM,21.333333333333332
3_credditcard_CC_AMT_DRAWINGS_ATM_CURRENT_VAR,24.666666666666668
3_credditcard_CC_AMT_DRAWINGS_CURRENT_MAX,11.333333333333334
3_credditcard_CC_AMT_DRAWINGS_CURRENT_MEAN,23.0
3_credditcard_CC_AMT_DRAWINGS_CURRENT_MIN,10.0
3_credditcard_CC_AMT_DRAWINGS_CURRENT_VAR,12.0
3_credditcard_CC_AMT_DRAWINGS_POS_CURRENT_MEAN,7.333333333333333
3_credditcard_CC_AMT_DRAWINGS_POS_CURRENT_SUM,17.333333333333332
3_credditcard_CC_AMT_DRAWINGS_POS_CURRENT_VAR,19.666666666666668
3_credditcard_CC_AMT_INST_MIN_REGULARITY_MIN,17.0
3_credditcard_CC_AMT_INST_MIN_REGULARITY_SUM,22.333333333333332
3_credditcard_CC_AMT_INST_MIN_REGULARITY_VAR,74.33333333333333
3_credditcard_CC_AMT_PAYMENT_CURRENT_MAX,19.0
3_credditcard_CC_AMT_PAYMENT_CURRENT_MEAN,23.666666666666668
3_credditcard_CC_AMT_PAYMENT_CURRENT_MIN,42.333333333333336
3_credditcard_CC_AMT_PAYMENT_CURRENT_SUM,29.666666666666668
3_credditcard_CC_AMT_PAYMENT_CURRENT_VAR,19.333333333333332
3_credditcard_CC_AMT_PAYMENT_TOTAL_CURRENT_MAX,18.666666666666668
3_credditcard_CC_AMT_PAYMENT_TOTAL_CURRENT_MIN,18.333333333333332
3_credditcard_CC_AMT_PAYMENT_TOTAL_CURRENT_SUM,21.0
3_credditcard_CC_AMT_PAYMENT_TOTAL_CURRENT_VAR,19.666666666666668
3_credditcard_CC_AMT_RECEIVABLE_PRINCIPAL_MAX,34.333333333333336
3_credditcard_CC_AMT_RECEIVABLE_PRINCIPAL_MEAN,28.333333333333332
3_credditcard_CC_AMT_RECEIVABLE_PRINCIPAL_MIN,40.0
3_credditcard_CC_AMT_RECEIVABLE_PRINCIPAL_SUM,17.666666666666668
3_credditcard_CC_AMT_RECEIVABLE_PRINCIPAL_VAR,37.0
3_credditcard_CC_AMT_RECIVABLE_MAX,26.333333333333332
3_credditcard_CC_AMT_RECIVABLE_MIN,23.666666666666668
3_credditcard_CC_AMT_RECIVABLE_SUM,17.666666666666668
3_credditcard_CC_AMT_RECIVABLE_VAR,17.0
3_credditcard_CC_CNT_DRAWINGS_ATM_CURRENT_MEAN,17.0
3_credditcard_CC_CNT_DRAWINGS_ATM_CURRENT_SUM,7.333333333333333
3_credditcard_CC_CNT_DRAWINGS_ATM_CURRENT_VAR,9.0
3_credditcard_CC_CNT_DRAWINGS_CURRENT_MAX,18.0
3_credditcard_CC_CNT_DRAWINGS_CURRENT_MEAN,27.0
3_credditcard_CC_CNT_DRAWINGS_CURRENT_SUM,13.333333333333334
3_credditcard_CC_CNT_DRAWINGS_CURRENT_VAR,39.0
3_credditcard_CC_CNT_DRAWINGS_POS_CURRENT_SUM,16.666666666666668
3_credditcard_CC_CNT_DRAWINGS_POS_CURRENT_VAR,14.333333333333334
3_credditcard_CC_CNT_INSTALMENT_MATURE_CUM_SUM,18.333333333333332
3_poscash_POS_CNT_INSTALMENT_FUTURE_MAX,533.3333333333334
3_poscash_POS_MONTHS_BALANCE_MEAN,30.333333333333332
3_poscash_POS_MONTHS_BALANCE_SIZE,17.0
3_poscash_POS_NAME_CONTRACT_STATUS_Completed_MEAN,12.333333333333334
3_poscash_POS_SK_DPD_MEAN,20.666666666666668
6_credditcard_CC_AMT_BALANCE_MAX,23.333333333333332
6_credditcard_CC_AMT_BALANCE_MIN,24.0
6_credditcard_CC_AMT_BALANCE_VAR,18.333333333333332
6_credditcard_CC_AMT_CREDIT_LIMIT_ACTUAL_MEAN,12.333333333333334
6_credditcard_CC_AMT_CREDIT_LIMIT_ACTUAL_MIN,15.333333333333334
6_credditcard_CC_AMT_CREDIT_LIMIT_ACTUAL_SUM,30.0
6_credditcard_CC_AMT_DRAWINGS_ATM_CURRENT_MAX,15.666666666666666
6_credditcard_CC_AMT_DRAWINGS_ATM_CURRENT_MEAN,26.666666666666668
6_credditcard_CC_AMT_DRAWINGS_ATM_CURRENT_SUM,36.666666666666664
6_credditcard_CC_AMT_DRAWINGS_ATM_CURRENT_VAR,16.666666666666668
6_credditcard_CC_AMT_DRAWINGS_CURRENT_MAX,20.0
6_credditcard_CC_AMT_DRAWINGS_CURRENT_MIN,16.0
6_credditcard_CC_AMT_DRAWINGS_CURRENT_VAR,19.666666666666668
6_credditcard_CC_AMT_DRAWINGS_POS_CURRENT_MAX,16.666666666666668
6_credditcard_CC_AMT_DRAWINGS_POS_CURRENT_MEAN,23.333333333333332
6_credditcard_CC_AMT_INST_MIN_REGULARITY_MIN,19.666666666666668
6_credditcard_CC_AMT_INST_MIN_REGULARITY_VAR,36.333333333333336
6_credditcard_CC_AMT_PAYMENT_CURRENT_MAX,17.0
6_credditcard_CC_AMT_PAYMENT_CURRENT_MEAN,23.666666666666668
6_credditcard_CC_AMT_PAYMENT_CURRENT_MIN,44.0
6_credditcard_CC_AMT_PAYMENT_CURRENT_SUM,22.333333333333332
6_credditcard_CC_AMT_PAYMENT_CURRENT_VAR,21.333333333333332
6_credditcard_CC_AMT_PAYMENT_TOTAL_CURRENT_MAX,21.0
6_credditcard_CC_AMT_PAYMENT_TOTAL_CURRENT_MEAN,14.666666666666666
6_credditcard_CC_AMT_PAYMENT_TOTAL_CURRENT_MIN,24.0
6_credditcard_CC_AMT_PAYMENT_TOTAL_CURRENT_SUM,14.333333333333334
6_credditcard_CC_AMT_PAYMENT_TOTAL_CURRENT_VAR,25.0
6_credditcard_CC_AMT_RECEIVABLE_PRINCIPAL_MAX,22.666666666666668
6_credditcard_CC_AMT_RECEIVABLE_PRINCIPAL_MIN,18.0
6_credditcard_CC_AMT_RECIVABLE_VAR,14.0
6_credditcard_CC_CNT_DRAWINGS_ATM_CURRENT_MEAN,38.666666666666664
6_credditcard_CC_CNT_DRAWINGS_ATM_CURRENT_SUM,39.333333333333336
6_credditcard_CC_CNT_DRAWINGS_ATM_CURRENT_VAR,27.0
6_credditcard_CC_CNT_DRAWINGS_CURRENT_MEAN,27.666666666666668
6_credditcard_CC_CNT_DRAWINGS_CURRENT_SUM,21.666666666666668
6_credditcard_CC_CNT_DRAWINGS_CURRENT_VAR,60.666666666666664
6_credditcard_CC_CNT_DRAWINGS_POS_CURRENT_MAX,16.0
6_credditcard_CC_CNT_DRAWINGS_POS_CURRENT_MEAN,13.333333333333334
6_credditcard_CC_CNT_DRAWINGS_POS_CURRENT_VAR,17.333333333333332
6_credditcard_CC_CNT_INSTALMENT_MATURE_CUM_VAR,45.0
6_poscash_POS_CNT_INSTALMENT_FUTURE_MAX,311.6666666666667
6_poscash_POS_MONTHS_BALANCE_MEAN,44.666666666666664
6_poscash_POS_MONTHS_BALANCE_SIZE,26.333333333333332
6_poscash_POS_NAME_CONTRACT_STATUS_Active_MEAN,22.333333333333332
6_poscash_POS_NAME_CONTRACT_STATUS_Completed_MEAN,15.0
6_poscash_POS_SK_DPD_DEF_MAX,14.666666666666666
6_poscash_POS_SK_DPD_DEF_MEAN,21.0
6_poscash_POS_SK_DPD_MAX,14.0
90_bb_ACTIVE_AMT_ANNUITY_MAX,16.666666666666668
90_bb_ACTIVE_AMT_ANNUITY_MEAN,20.333333333333332
90_bb_ACTIVE_AMT_CREDIT_SUM_DEBT_MEAN,20.666666666666668
90_bb_ACTIVE_AMT_CREDIT_SUM_DEBT_SUM,43.666666666666664
90_bb_ACTIVE_AMT_CREDIT_SUM_MEAN,43.0
90_bb_ACTIVE_AMT_CREDIT_SUM_SUM,40.666666666666664
90_bb_ACTIVE_DAYS_CREDIT_ENDDATE_MEAN,89.0
90_bb_ACTIVE_DAYS_CREDIT_MEAN,148.33333333333334
90_bb_ACTIVE_DAYS_CREDIT_UPDATE_MEAN,89.0
90_bb_BURO_AMT_CREDIT_SUM_DEBT_MEAN,27.0
90_bb_BURO_AMT_CREDIT_SUM_DEBT_SUM,23.333333333333332
90_bb_BURO_AMT_CREDIT_SUM_MEAN,48.0
90_bb_BURO_AMT_CREDIT_SUM_SUM,47.0
90_bb_BURO_DAYS_CREDIT_ENDDATE_MEAN,51.0
90_bb_BURO_DAYS_CREDIT_MEAN,78.33333333333333
90_bb_BURO_DAYS_CREDIT_UPDATE_MEAN,46.666666666666664
90_bb_BURO_DAYS_CREDIT_VAR,32.666666666666664
90_bb_CLOSED_DAYS_CREDIT_ENDDATE_MEAN,13.0
90_bb_CLOSED_DAYS_CREDIT_MEAN,23.666666666666668
90_instpay_INSTAL_AMT_INSTALMENT_MAX,76.33333333333333
90_instpay_INSTAL_AMT_INSTALMENT_MEAN,98.33333333333333
90_instpay_INSTAL_AMT_INSTALMENT_SUM,108.0
90_instpay_INSTAL_AMT_PAYMENT_MAX,79.0
90_instpay_INSTAL_AMT_PAYMENT_MEAN,168.66666666666666
90_instpay_INSTAL_AMT_PAYMENT_MIN,242.0
90_instpay_INSTAL_AMT_PAYMENT_SUM,130.33333333333334
90_instpay_INSTAL_COUNT,9.666666666666666
90_instpay_INSTAL_DAYS_ENTRY_PAYMENT_MAX,90.33333333333333
90_instpay_INSTAL_DAYS_ENTRY_PAYMENT_MEAN,228.33333333333334
90_instpay_INSTAL_DAYS_ENTRY_PAYMENT_SUM,160.0
90_instpay_INSTAL_DBD_MAX,127.33333333333333
90_instpay_INSTAL_DBD_MEAN,239.0
90_instpay_INSTAL_DBD_SUM,151.66666666666666
90_instpay_INSTAL_DPD_MAX,50.666666666666664
90_instpay_INSTAL_DPD_MEAN,127.0
90_instpay_INSTAL_DPD_SUM,35.333333333333336
90_instpay_INSTAL_PAYMENT_DIFF_MEAN,19.666666666666668
90_instpay_INSTAL_PAYMENT_DIFF_SUM,27.0
90_instpay_INSTAL_PAYMENT_DIFF_VAR,13.666666666666666
90_instpay_INSTAL_PAYMENT_PERC_MEAN,16.0
90_instpay_INSTAL_PAYMENT_PERC_SUM,25.333333333333332
90_instpay_INSTAL_PAYMENT_PERC_VAR,26.0
90_prevapp_APPROVED_AMT_ANNUITY_MEAN,206.33333333333334
90_prevapp_APPROVED_AMT_ANNUITY_SUM,297.3333333333333
90_prevapp_APPROVED_AMT_DOWN_PAYMENT_MAX,259.6666666666667
90_prevapp_APPROVED_APP_CREDIT_PERC_MAX,190.33333333333334
90_prevapp_APPROVED_APP_CREDIT_PERC_MEAN,217.33333333333334
90_prevapp_APPROVED_CNT_PAYMENT_MEAN,329.0
90_prevapp_APPROVED_HOUR_APPR_PROCESS_START_MEAN,200.0
90_prevapp_PREV_AMT_ANNUITY_MAX,121.33333333333333
90_prevapp_PREV_AMT_ANNUITY_MEAN,224.0
90_prevapp_PREV_AMT_DOWN_PAYMENT_MAX,165.66666666666666
90_prevapp_PREV_APP_CREDIT_PERC_MEAN,318.3333333333333
90_prevapp_PREV_APP_CREDIT_PERC_MIN,263.3333333333333
90_prevapp_PREV_CNT_PAYMENT_MEAN,448.6666666666667
90_prevapp_PREV_DAYS_DECISION_MAX,257.3333333333333
90_prevapp_PREV_DAYS_DECISION_MEAN,239.0
90_prevapp_PREV_HOUR_APPR_PROCESS_START_MEAN,228.33333333333334
90_prevapp_PREV_NAME_CONTRACT_STATUS_Refused_MEAN,289.0
90_prevapp_PREV_NAME_TYPE_SUITE_Unaccompanied_MEAN,202.0
90_prevapp_PREV_NAME_YIELD_GROUP_high_MEAN,240.0
90_prevapp_PREV_PRODUCT_COMBINATION_Cash X-Sell: low_MEAN,157.0
90_prevapp_PREV_RATE_DOWN_PAYMENT_MEAN,163.66666666666666
90_prevapp_REFUSED_DAYS_DECISION_MAX,266.3333333333333
9_credditcard_CC_AMT_BALANCE_VAR,14.666666666666666
9_credditcard_CC_AMT_CREDIT_LIMIT_ACTUAL_MEAN,11.333333333333334
9_credditcard_CC_AMT_CREDIT_LIMIT_ACTUAL_SUM,17.666666666666668
9_credditcard_CC_AMT_CREDIT_LIMIT_ACTUAL_VAR,20.0
9_credditcard_CC_AMT_DRAWINGS_ATM_CURRENT_MEAN,20.0
9_credditcard_CC_AMT_DRAWINGS_ATM_CURRENT_SUM,20.333333333333332
9_credditcard_CC_AMT_DRAWINGS_CURRENT_MEAN,13.666666666666666
9_credditcard_CC_AMT_DRAWINGS_POS_CURRENT_SUM,17.333333333333332
9_credditcard_CC_AMT_INST_MIN_REGULARITY_VAR,26.333333333333332
9_credditcard_CC_AMT_PAYMENT_CURRENT_MAX,21.666666666666668
9_credditcard_CC_AMT_PAYMENT_CURRENT_MEAN,17.333333333333332
9_credditcard_CC_AMT_PAYMENT_CURRENT_MIN,19.333333333333332
9_credditcard_CC_AMT_PAYMENT_CURRENT_VAR,26.666666666666668
9_credditcard_CC_AMT_PAYMENT_TOTAL_CURRENT_MAX,16.333333333333332
9_credditcard_CC_AMT_PAYMENT_TOTAL_CURRENT_MEAN,19.0
9_credditcard_CC_AMT_PAYMENT_TOTAL_CURRENT_MIN,14.0
9_credditcard_CC_AMT_PAYMENT_TOTAL_CURRENT_VAR,23.0
9_credditcard_CC_AMT_RECEIVABLE_PRINCIPAL_MIN,25.0
9_credditcard_CC_AMT_RECEIVABLE_PRINCIPAL_VAR,9.333333333333334
9_credditcard_CC_AMT_RECIVABLE_VAR,12.666666666666666
9_credditcard_CC_CNT_DRAWINGS_ATM_CURRENT_MEAN,40.666666666666664
9_credditcard_CC_CNT_DRAWINGS_ATM_CURRENT_SUM,21.333333333333332
9_credditcard_CC_CNT_DRAWINGS_ATM_CURRENT_VAR,51.333333333333336
9_credditcard_CC_CNT_DRAWINGS_CURRENT_MAX,9.333333333333334
9_credditcard_CC_CNT_DRAWINGS_CURRENT_MEAN,17.0
9_credditcard_CC_CNT_DRAWINGS_CURRENT_VAR,30.666666666666668
9_poscash_POS_CNT_INSTALMENT_FUTURE_MAX,226.0
9_poscash_POS_MONTHS_BALANCE_MEAN,74.0
9_poscash_POS_MONTHS_BALANCE_SIZE,53.0
9_poscash_POS_NAME_CONTRACT_STATUS_Active_MEAN,42.333333333333336
9_poscash_POS_NAME_CONTRACT_STATUS_Completed_MEAN,32.666666666666664
9_poscash_POS_NAME_CONTRACT_STATUS_Signed_MEAN,12.666666666666666
9_poscash_POS_SK_DPD_DEF_MAX,24.333333333333332
9_poscash_POS_SK_DPD_DEF_MEAN,26.0
9_poscash_POS_SK_DPD_MAX,14.0
AMT_ANNUITY,716.3333333333334
AMT_CREDIT,342.0
AMT_GOODS_PRICE,433.3333333333333
AMT_INCOME_TOTAL,195.0
AMT_REQ_CREDIT_BUREAU_DAY,17.333333333333332
AMT_REQ_CREDIT_BUREAU_MON,23.333333333333332
AMT_REQ_CREDIT_BUREAU_QRT,78.66666666666667
AMT_REQ_CREDIT_BUREAU_YEAR,67.33333333333333
APARTMENTS_AVG,93.33333333333333
APARTMENTS_MEDI,80.66666666666667
APARTMENTS_MODE,106.66666666666667
BASEMENTAREA_AVG,70.0
BASEMENTAREA_MEDI,53.0
BASEMENTAREA_MODE,81.66666666666667
CNT_CHILDREN,12.333333333333334
CNT_FAM_MEMBERS,29.333333333333332
CODE_GENDER,368.0
CODE_GENDER_AMT_ANNUITY_f1_mean,17.333333333333332
COMMONAREA_AVG,53.666666666666664
COMMONAREA_MEDI,54.666666666666664
COMMONAREA_MODE,47.0
DAYS_BIRTH,789.3333333333334
DAYS_EMPLOYED,435.0
DAYS_ID_PUBLISH,542.0
DAYS_LAST_PHONE_CHANGE,294.6666666666667
DAYS_REGISTRATION,428.6666666666667
DEF_30_CNT_SOCIAL_CIRCLE,152.33333333333334
DEF_60_CNT_SOCIAL_CIRCLE,86.66666666666667
ELEVATORS_AVG,29.0
ELEVATORS_MEDI,11.0
ELEVATORS_MODE,11.0
ENTRANCES_AVG,70.0
ENTRANCES_MEDI,28.333333333333332
ENTRANCES_MODE,32.0
EXT_SOURCE_1,133.0
EXT_SOURCE_1p,839.0
EXT_SOURCE_2,393.6666666666667
EXT_SOURCE_2p,226.66666666666666
EXT_SOURCE_3,335.0
EXT_SOURCE_3p,491.0
FLAG_DOCUMENT_18,17.0
FLAG_DOCUMENT_3,90.33333333333333
FLAG_DOCUMENT_8,38.333333333333336
FLAG_OWN_REALTY,13.333333333333334
FLAG_PHONE,21.666666666666668
FLAG_WORK_PHONE,146.0
FLOORSMAX_AVG,46.666666666666664
FLOORSMAX_MEDI,25.0
FLOORSMAX_MODE,12.666666666666666
FLOORSMIN_AVG,35.666666666666664
FLOORSMIN_MEDI,27.666666666666668
FLOORSMIN_MODE,22.666666666666668
FONDKAPREMONT_MODE_reg oper spec account,11.0
False_bb_ACTIVE_AMT_ANNUITY_MAX,57.0
False_bb_ACTIVE_AMT_ANNUITY_MEAN,47.666666666666664
False_bb_ACTIVE_AMT_ANNUITY_SUM,62.0
False_bb_ACTIVE_AMT_CREDIT_MAX_OVERDUE_MEAN,238.33333333333334
False_bb_ACTIVE_AMT_CREDIT_SUM_DEBT_MEAN,307.6666666666667
False_bb_ACTIVE_AMT_CREDIT_SUM_DEBT_SUM,181.66666666666666
False_bb_ACTIVE_AMT_CREDIT_SUM_LIMIT_MEAN,205.0
False_bb_ACTIVE_AMT_CREDIT_SUM_LIMIT_SUM,92.66666666666667
False_bb_ACTIVE_AMT_CREDIT_SUM_MEAN,276.3333333333333
False_bb_ACTIVE_AMT_CREDIT_SUM_OVERDUE_MEAN,24.0
False_bb_ACTIVE_AMT_CREDIT_SUM_SUM,304.6666666666667
False_bb_ACTIVE_CREDIT_DAY_OVERDUE_COUNT,217.66666666666666
False_bb_ACTIVE_DAYS_CREDIT_ENDDATE_MEAN,363.3333333333333
False_bb_ACTIVE_DAYS_CREDIT_MEAN,334.0
False_bb_ACTIVE_DAYS_CREDIT_UPDATE_MEAN,350.0
False_bb_ACTIVE_DAYS_CREDIT_VAR,258.0
False_bb_ACTIVE_MONTHS_BALANCE_MAX_MAX,20.0
False_bb_ACTIVE_MONTHS_BALANCE_MIN_MIN,56.333333333333336
False_bb_ACTIVE_MONTHS_BALANCE_SIZE_MEAN,114.33333333333333
False_bb_ACTIVE_MONTHS_BALANCE_SIZE_SUM,78.0
False_bb_BURO_AMT_ANNUITY_MAX,53.666666666666664
False_bb_BURO_AMT_ANNUITY_MEAN,70.33333333333333
False_bb_BURO_AMT_ANNUITY_SUM,43.0
False_bb_BURO_AMT_CREDIT_MAX_OVERDUE_MEAN,449.6666666666667
False_bb_BURO_AMT_CREDIT_SUM_DEBT_MEAN,361.6666666666667
False_bb_BURO_AMT_CREDIT_SUM_DEBT_SUM,177.0
False_bb_BURO_AMT_CREDIT_SUM_LIMIT_MEAN,119.33333333333333
False_bb_BURO_AMT_CREDIT_SUM_LIMIT_SUM,78.66666666666667
False_bb_BURO_AMT_CREDIT_SUM_MEAN,356.6666666666667
False_bb_BURO_AMT_CREDIT_SUM_OVERDUE_MEAN,66.66666666666667
False_bb_BURO_AMT_CREDIT_SUM_SUM,363.0
False_bb_BURO_CREDIT_ACTIVE_Active_MEAN,106.66666666666667
False_bb_BURO_CREDIT_ACTIVE_Closed_MEAN,152.33333333333334
False_bb_BURO_CREDIT_ACTIVE_Sold_MEAN,37.333333333333336
False_bb_BURO_CREDIT_DAY_OVERDUE_COUNT,106.66666666666667
False_bb_BURO_CREDIT_DAY_OVERDUE_MEAN,12.0
False_bb_BURO_CREDIT_TYPE_Car loan_MEAN,80.0
False_bb_BURO_CREDIT_TYPE_Consumer credit_MEAN,146.33333333333334
False_bb_BURO_CREDIT_TYPE_Credit card_MEAN,162.0
False_bb_BURO_CREDIT_TYPE_Microloan_MEAN,108.33333333333333
False_bb_BURO_CREDIT_TYPE_Mortgage_MEAN,131.0
False_bb_BURO_DAYS_CREDIT_ENDDATE_MEAN,339.3333333333333
False_bb_BURO_DAYS_CREDIT_MEAN,316.6666666666667
False_bb_BURO_DAYS_CREDIT_UPDATE_MEAN,252.66666666666666
False_bb_BURO_DAYS_CREDIT_VAR,313.6666666666667
False_bb_BURO_MONTHS_BALANCE_MAX_MAX,10.0
False_bb_BURO_MONTHS_BALANCE_MIN_MIN,63.0
False_bb_BURO_MONTHS_BALANCE_SIZE_MEAN,93.66666666666667
False_bb_BURO_MONTHS_BALANCE_SIZE_SUM,94.33333333333333
False_bb_BURO_STATUS_0_MEAN_MEAN,165.66666666666666
False_bb_BURO_STATUS_1_MEAN_MEAN,114.33333333333333
False_bb_BURO_STATUS_2_MEAN_MEAN,14.666666666666666
False_bb_BURO_STATUS_5_MEAN_MEAN,10.0
False_bb_BURO_STATUS_C_MEAN_MEAN,89.0
False_bb_BURO_STATUS_X_MEAN_MEAN,82.0
False_bb_CLOSED_AMT_ANNUITY_MAX,70.66666666666667
False_bb_CLOSED_AMT_ANNUITY_MEAN,64.66666666666667
False_bb_CLOSED_AMT_ANNUITY_SUM,48.333333333333336
False_bb_CLOSED_AMT_CREDIT_MAX_OVERDUE_MEAN,192.33333333333334
False_bb_CLOSED_AMT_CREDIT_SUM_DEBT_MEAN,32.0
False_bb_CLOSED_AMT_CREDIT_SUM_DEBT_SUM,33.333333333333336
False_bb_CLOSED_AMT_CREDIT_SUM_LIMIT_MEAN,14.333333333333334
False_bb_CLOSED_AMT_CREDIT_SUM_MEAN,408.6666666666667
False_bb_CLOSED_AMT_CREDIT_SUM_SUM,430.0
False_bb_CLOSED_CREDIT_DAY_OVERDUE_COUNT,91.66666666666667
False_bb_CLOSED_DAYS_CREDIT_ENDDATE_MEAN,273.6666666666667
False_bb_CLOSED_DAYS_CREDIT_MEAN,257.3333333333333
False_bb_CLOSED_DAYS_CREDIT_UPDATE_MEAN,289.0
False_bb_CLOSED_DAYS_CREDIT_VAR,370.6666666666667
False_bb_CLOSED_MONTHS_BALANCE_MAX_MAX,13.333333333333334
False_bb_CLOSED_MONTHS_BALANCE_MIN_MIN,67.33333333333333
False_bb_CLOSED_MONTHS_BALANCE_SIZE_MEAN,100.0
False_bb_CLOSED_MONTHS_BALANCE_SIZE_SUM,95.33333333333333
False_credditcard_CC_AMT_BALANCE_MAX,13.333333333333334
False_credditcard_CC_AMT_BALANCE_MEAN,23.333333333333332
False_credditcard_CC_AMT_BALANCE_MIN,34.333333333333336
False_credditcard_CC_AMT_BALANCE_SUM,14.0
False_credditcard_CC_AMT_BALANCE_VAR,23.0
False_credditcard_CC_AMT_CREDIT_LIMIT_ACTUAL_MAX,21.333333333333332
False_credditcard_CC_AMT_CREDIT_LIMIT_ACTUAL_MEAN,89.0
False_credditcard_CC_AMT_CREDIT_LIMIT_ACTUAL_SUM,70.33333333333333
False_credditcard_CC_AMT_CREDIT_LIMIT_ACTUAL_VAR,59.0
False_credditcard_CC_AMT_DRAWINGS_ATM_CURRENT_MAX,33.333333333333336
False_credditcard_CC_AMT_DRAWINGS_ATM_CURRENT_MEAN,28.666666666666668
False_credditcard_CC_AMT_DRAWINGS_ATM_CURRENT_SUM,31.0
False_credditcard_CC_AMT_DRAWINGS_ATM_CURRENT_VAR,35.333333333333336
False_credditcard_CC_AMT_DRAWINGS_CURRENT_MAX,31.333333333333332
False_credditcard_CC_AMT_DRAWINGS_CURRENT_MEAN,19.333333333333332
False_credditcard_CC_AMT_DRAWINGS_CURRENT_SUM,23.0
False_credditcard_CC_AMT_DRAWINGS_CURRENT_VAR,29.333333333333332
False_credditcard_CC_AMT_DRAWINGS_POS_CURRENT_MAX,27.0
False_credditcard_CC_AMT_DRAWINGS_POS_CURRENT_MEAN,13.0
False_credditcard_CC_AMT_DRAWINGS_POS_CURRENT_MIN,20.0
False_credditcard_CC_AMT_DRAWINGS_POS_CURRENT_SUM,36.0
False_credditcard_CC_AMT_DRAWINGS_POS_CURRENT_VAR,26.0
False_credditcard_CC_AMT_INST_MIN_REGULARITY_MEAN,20.666666666666668
False_credditcard_CC_AMT_INST_MIN_REGULARITY_SUM,29.333333333333332
False_credditcard_CC_AMT_INST_MIN_REGULARITY_VAR,45.666666666666664
False_credditcard_CC_AMT_PAYMENT_CURRENT_MAX,33.333333333333336
False_credditcard_CC_AMT_PAYMENT_CURRENT_MEAN,65.66666666666667
False_credditcard_CC_AMT_PAYMENT_CURRENT_MIN,20.333333333333332
False_credditcard_CC_AMT_PAYMENT_CURRENT_SUM,44.666666666666664
False_credditcard_CC_AMT_PAYMENT_CURRENT_VAR,60.0
False_credditcard_CC_AMT_PAYMENT_TOTAL_CURRENT_MAX,23.666666666666668
False_credditcard_CC_AMT_PAYMENT_TOTAL_CURRENT_MEAN,48.333333333333336
False_credditcard_CC_AMT_PAYMENT_TOTAL_CURRENT_SUM,25.0
False_credditcard_CC_AMT_PAYMENT_TOTAL_CURRENT_VAR,33.333333333333336
False_credditcard_CC_AMT_RECEIVABLE_PRINCIPAL_MAX,16.666666666666668
False_credditcard_CC_AMT_RECEIVABLE_PRINCIPAL_MEAN,27.333333333333332
False_credditcard_CC_AMT_RECEIVABLE_PRINCIPAL_MIN,17.666666666666668
False_credditcard_CC_AMT_RECEIVABLE_PRINCIPAL_SUM,16.666666666666668
False_credditcard_CC_AMT_RECEIVABLE_PRINCIPAL_VAR,9.0
False_credditcard_CC_AMT_RECIVABLE_MAX,11.666666666666666
False_credditcard_CC_AMT_RECIVABLE_MEAN,20.666666666666668
False_credditcard_CC_AMT_RECIVABLE_MIN,28.0
False_credditcard_CC_AMT_RECIVABLE_SUM,19.333333333333332
False_credditcard_CC_AMT_RECIVABLE_VAR,16.0
False_credditcard_CC_CNT_DRAWINGS_ATM_CURRENT_MAX,19.0
False_credditcard_CC_CNT_DRAWINGS_ATM_CURRENT_MEAN,63.333333333333336
False_credditcard_CC_CNT_DRAWINGS_ATM_CURRENT_SUM,38.0
False_credditcard_CC_CNT_DRAWINGS_ATM_CURRENT_VAR,82.66666666666667
False_credditcard_CC_CNT_DRAWINGS_CURRENT_MAX,46.0
False_credditcard_CC_CNT_DRAWINGS_CURRENT_MEAN,42.666666666666664
False_credditcard_CC_CNT_DRAWINGS_CURRENT_SUM,29.0
False_credditcard_CC_CNT_DRAWINGS_CURRENT_VAR,90.66666666666667
False_credditcard_CC_CNT_DRAWINGS_POS_CURRENT_MAX,19.0
False_credditcard_CC_CNT_DRAWINGS_POS_CURRENT_MEAN,27.0
False_credditcard_CC_CNT_DRAWINGS_POS_CURRENT_SUM,12.0
False_credditcard_CC_CNT_DRAWINGS_POS_CURRENT_VAR,21.0
False_credditcard_CC_CNT_INSTALMENT_MATURE_CUM_MEAN,22.333333333333332
False_credditcard_CC_CNT_INSTALMENT_MATURE_CUM_SUM,19.666666666666668
False_credditcard_CC_CNT_INSTALMENT_MATURE_CUM_VAR,24.666666666666668
False_credditcard_CC_MONTHS_BALANCE_MEAN,15.333333333333334
False_credditcard_CC_MONTHS_BALANCE_SUM,18.0
False_credditcard_CC_MONTHS_BALANCE_VAR,20.0
False_credditcard_CC_NAME_CONTRACT_STATUS_Active_SUM,14.666666666666666
False_credditcard_CC_NAME_CONTRACT_STATUS_Active_VAR,18.666666666666668
False_credditcard_CC_NAME_CONTRACT_STATUS_Signed_VAR,17.666666666666668
False_credditcard_CC_SK_DPD_DEF_MEAN,30.0
False_credditcard_CC_SK_DPD_MEAN,9.0
False_credditcard_CC_SK_DPD_SUM,18.333333333333332
False_credditcard_CC_SK_DPD_VAR,14.333333333333334
False_instpay_INSTAL_AMT_INSTALMENT_MAX,221.0
False_instpay_INSTAL_AMT_INSTALMENT_MEAN,155.33333333333334
False_instpay_INSTAL_AMT_INSTALMENT_SUM,187.0
False_instpay_INSTAL_AMT_PAYMENT_MAX,186.0
False_instpay_INSTAL_AMT_PAYMENT_MEAN,208.66666666666666
False_instpay_INSTAL_AMT_PAYMENT_MIN,308.3333333333333
False_instpay_INSTAL_AMT_PAYMENT_SUM,435.3333333333333
False_instpay_INSTAL_COUNT,118.0
False_instpay_INSTAL_DAYS_ENTRY_PAYMENT_MAX,106.0
False_instpay_INSTAL_DAYS_ENTRY_PAYMENT_MEAN,232.33333333333334
False_instpay_INSTAL_DAYS_ENTRY_PAYMENT_SUM,256.3333333333333
False_instpay_INSTAL_DBD_MAX,278.6666666666667
False_instpay_INSTAL_DBD_MEAN,286.6666666666667
False_instpay_INSTAL_DBD_SUM,378.6666666666667
False_instpay_INSTAL_DPD_MAX,135.66666666666666
False_instpay_INSTAL_DPD_MEAN,536.6666666666666
False_instpay_INSTAL_DPD_SUM,110.66666666666667
False_instpay_INSTAL_NUM_INSTALMENT_VERSION_NUNIQUE,72.33333333333333
False_instpay_INSTAL_PAYMENT_DIFF_MEAN,217.0
False_instpay_INSTAL_PAYMENT_DIFF_SUM,178.66666666666666
False_instpay_INSTAL_PAYMENT_DIFF_VAR,103.66666666666667
False_instpay_INSTAL_PAYMENT_PERC_MEAN,276.6666666666667
False_instpay_INSTAL_PAYMENT_PERC_SUM,184.33333333333334
False_instpay_INSTAL_PAYMENT_PERC_VAR,166.33333333333334
False_poscash_POS_CNT_INSTALMENT_FUTURE_MAX,143.0
False_poscash_POS_COUNT,349.3333333333333
False_poscash_POS_MONTHS_BALANCE_MAX,74.0
False_poscash_POS_MONTHS_BALANCE_MEAN,302.3333333333333
False_poscash_POS_MONTHS_BALANCE_SIZE,23.0
False_poscash_POS_NAME_CONTRACT_STATUS_Active_MEAN,226.66666666666666
False_poscash_POS_NAME_CONTRACT_STATUS_Completed_MEAN,229.0
False_poscash_POS_NAME_CONTRACT_STATUS_Returned to the store_MEAN,39.0
False_poscash_POS_NAME_CONTRACT_STATUS_Signed_MEAN,81.0
False_poscash_POS_SK_DPD_DEF_MAX,78.66666666666667
False_poscash_POS_SK_DPD_DEF_MEAN,241.33333333333334
False_poscash_POS_SK_DPD_MAX,51.666666666666664
False_poscash_POS_SK_DPD_MEAN,88.0
False_prevapp_APPROVED_AMT_ANNUITY_MAX,125.33333333333333
False_prevapp_APPROVED_AMT_ANNUITY_MEAN,12.0
False_prevapp_APPROVED_AMT_ANNUITY_SUM,14.333333333333334
False_prevapp_APPROVED_AMT_APPLICATION_MEAN,107.66666666666667
False_prevapp_APPROVED_AMT_APPLICATION_MIN,155.33333333333334
False_prevapp_APPROVED_AMT_CREDIT_MAX,107.33333333333333
False_prevapp_APPROVED_AMT_CREDIT_MEAN,100.33333333333333
False_prevapp_APPROVED_AMT_CREDIT_MIN,186.33333333333334
False_prevapp_APPROVED_AMT_DOWN_PAYMENT_MAX,15.333333333333334
False_prevapp_APPROVED_AMT_DOWN_PAYMENT_MEAN,133.0
False_prevapp_APPROVED_AMT_DOWN_PAYMENT_MIN,73.33333333333333
False_prevapp_APPROVED_AMT_GOODS_PRICE_MAX,110.33333333333333
False_prevapp_APPROVED_AMT_GOODS_PRICE_MEAN,87.0
False_prevapp_APPROVED_AMT_GOODS_PRICE_MIN,176.33333333333334
False_prevapp_APPROVED_AMT_GOODS_PRICE_SUM,207.0
False_prevapp_APPROVED_APP_CREDIT_PERC_MAX,8.0
False_prevapp_APPROVED_APP_CREDIT_PERC_MEAN,9.666666666666666
False_prevapp_APPROVED_APP_CREDIT_PERC_MIN,189.0
False_prevapp_APPROVED_CNT_PAYMENT_MEAN,22.0
False_prevapp_APPROVED_CNT_PAYMENT_SUM,175.0
False_prevapp_APPROVED_DAYS_DECISION_MAX,236.66666666666666
False_prevapp_APPROVED_DAYS_DECISION_MEAN,186.0
False_prevapp_APPROVED_DAYS_DECISION_MIN,161.66666666666666
False_prevapp_APPROVED_HOUR_APPR_PROCESS_START_MAX,113.66666666666667
False_prevapp_APPROVED_HOUR_APPR_PROCESS_START_MEAN,16.666666666666668
False_prevapp_APPROVED_HOUR_APPR_PROCESS_START_MIN,84.66666666666667
False_prevapp_APPROVED_RATE_DOWN_PAYMENT_MAX,125.33333333333333
False_prevapp_APPROVED_RATE_DOWN_PAYMENT_MEAN,130.33333333333334
False_prevapp_APPROVED_RATE_DOWN_PAYMENT_MIN,81.33333333333333
False_prevapp_PREV_AMT_ANNUITY_MAX,6.333333333333333
False_prevapp_PREV_AMT_ANNUITY_MEAN,9.666666666666666
False_prevapp_PREV_AMT_ANNUITY_SUM,112.33333333333333
False_prevapp_PREV_AMT_APPLICATION_MEAN,124.0
False_prevapp_PREV_AMT_APPLICATION_MIN,95.33333333333333
False_prevapp_PREV_AMT_CREDIT_MAX,98.0
False_prevapp_PREV_AMT_CREDIT_MEAN,140.33333333333334
False_prevapp_PREV_AMT_CREDIT_MIN,109.66666666666667
False_prevapp_PREV_AMT_DOWN_PAYMENT_MAX,9.0
False_prevapp_PREV_AMT_DOWN_PAYMENT_MEAN,153.66666666666666
False_prevapp_PREV_AMT_DOWN_PAYMENT_MIN,72.33333333333333
False_prevapp_PREV_AMT_GOODS_PRICE_MAX,86.0
False_prevapp_PREV_AMT_GOODS_PRICE_MEAN,115.66666666666667
False_prevapp_PREV_AMT_GOODS_PRICE_MIN,195.66666666666666
False_prevapp_PREV_AMT_GOODS_PRICE_SUM,108.0
False_prevapp_PREV_APP_CREDIT_PERC_MAX,194.0
False_prevapp_PREV_APP_CREDIT_PERC_MEAN,14.333333333333334
False_prevapp_PREV_APP_CREDIT_PERC_MIN,13.666666666666666
False_prevapp_PREV_CHANNEL_TYPE_AP+ (Cash loan)_MEAN,69.33333333333333
False_prevapp_PREV_CHANNEL_TYPE_Channel of corporate sales_MEAN,74.66666666666667
False_prevapp_PREV_CHANNEL_TYPE_Contact center_MEAN,84.0
False_prevapp_PREV_CHANNEL_TYPE_Country-wide_MEAN,133.0
False_prevapp_PREV_CHANNEL_TYPE_Credit and cash offices_MEAN,136.0
False_prevapp_PREV_CHANNEL_TYPE_Regional / Local_MEAN,37.0
False_prevapp_PREV_CHANNEL_TYPE_Stone_MEAN,103.0
False_prevapp_PREV_CNT_PAYMENT_MEAN,23.0
False_prevapp_PREV_CNT_PAYMENT_SUM,143.33333333333334
False_prevapp_PREV_CODE_REJECT_REASON_HC_MEAN,70.0
False_prevapp_PREV_CODE_REJECT_REASON_LIMIT_MEAN,59.0
False_prevapp_PREV_CODE_REJECT_REASON_SCOFR_MEAN,37.333333333333336
False_prevapp_PREV_CODE_REJECT_REASON_SCO_MEAN,77.33333333333333
False_prevapp_PREV_CODE_REJECT_REASON_XAP_MEAN,104.33333333333333
False_prevapp_PREV_DAYS_DECISION_MAX,14.333333333333334
False_prevapp_PREV_DAYS_DECISION_MEAN,14.666666666666666
False_prevapp_PREV_DAYS_DECISION_MIN,179.0
False_prevapp_PREV_HOUR_APPR_PROCESS_START_MAX,112.0
False_prevapp_PREV_HOUR_APPR_PROCESS_START_MEAN,8.333333333333334
False_prevapp_PREV_HOUR_APPR_PROCESS_START_MIN,65.66666666666667
False_prevapp_PREV_NAME_CASH_LOAN_PURPOSE_Buying a used car_MEAN,17.0
False_prevapp_PREV_NAME_CASH_LOAN_PURPOSE_Car repairs_MEAN,10.0
False_prevapp_PREV_NAME_CASH_LOAN_PURPOSE_Medicine_MEAN,22.666666666666668
False_prevapp_PREV_NAME_CASH_LOAN_PURPOSE_Repairs_MEAN,17.666666666666668
False_prevapp_PREV_NAME_CASH_LOAN_PURPOSE_Urgent needs_MEAN,18.666666666666668
False_prevapp_PREV_NAME_CASH_LOAN_PURPOSE_XNA_MEAN,59.333333333333336
False_prevapp_PREV_NAME_CLIENT_TYPE_New_MEAN,129.66666666666666
False_prevapp_PREV_NAME_CLIENT_TYPE_Refreshed_MEAN,99.66666666666667
False_prevapp_PREV_NAME_CLIENT_TYPE_Repeater_MEAN,73.0
False_prevapp_PREV_NAME_CONTRACT_STATUS_Approved_MEAN,161.33333333333334
False_prevapp_PREV_NAME_CONTRACT_STATUS_Canceled_MEAN,81.0
False_prevapp_PREV_NAME_CONTRACT_STATUS_Refused_MEAN,13.333333333333334
False_prevapp_PREV_NAME_CONTRACT_TYPE_Cash loans_MEAN,60.666666666666664
False_prevapp_PREV_NAME_CONTRACT_TYPE_Consumer loans_MEAN,37.666666666666664
False_prevapp_PREV_NAME_CONTRACT_TYPE_Revolving loans_MEAN,53.333333333333336
False_prevapp_PREV_NAME_GOODS_CATEGORY_Audio/Video_MEAN,75.0
False_prevapp_PREV_NAME_GOODS_CATEGORY_Clothing and Accessories_MEAN,15.666666666666666
False_prevapp_PREV_NAME_GOODS_CATEGORY_Computers_MEAN,68.0
False_prevapp_PREV_NAME_GOODS_CATEGORY_Construction Materials_MEAN,16.666666666666668
False_prevapp_PREV_NAME_GOODS_CATEGORY_Consumer Electronics_MEAN,60.666666666666664
False_prevapp_PREV_NAME_GOODS_CATEGORY_Furniture_MEAN,59.666666666666664
False_prevapp_PREV_NAME_GOODS_CATEGORY_Mobile_MEAN,88.33333333333333
False_prevapp_PREV_NAME_GOODS_CATEGORY_Photo / Cinema Equipment_MEAN,36.666666666666664
False_prevapp_PREV_NAME_GOODS_CATEGORY_Sport and Leisure_MEAN,30.333333333333332
False_prevapp_PREV_NAME_GOODS_CATEGORY_XNA_MEAN,44.666666666666664
False_prevapp_PREV_NAME_PAYMENT_TYPE_Cash through the bank_MEAN,84.0
False_prevapp_PREV_NAME_PAYMENT_TYPE_XNA_MEAN,98.0
False_prevapp_PREV_NAME_PORTFOLIO_Cards_MEAN,41.666666666666664
False_prevapp_PREV_NAME_PORTFOLIO_Cash_MEAN,62.333333333333336
False_prevapp_PREV_NAME_PORTFOLIO_POS_MEAN,60.333333333333336
False_prevapp_PREV_NAME_PORTFOLIO_XNA_MEAN,67.0
False_prevapp_PREV_NAME_PRODUCT_TYPE_XNA_MEAN,79.0
False_prevapp_PREV_NAME_PRODUCT_TYPE_walk-in_MEAN,138.66666666666666
False_prevapp_PREV_NAME_PRODUCT_TYPE_x-sell_MEAN,91.0
False_prevapp_PREV_NAME_SELLER_INDUSTRY_Auto technology_MEAN,20.0
False_prevapp_PREV_NAME_SELLER_INDUSTRY_Clothing_MEAN,19.666666666666668
False_prevapp_PREV_NAME_SELLER_INDUSTRY_Connectivity_MEAN,134.33333333333334
False_prevapp_PREV_NAME_SELLER_INDUSTRY_Construction_MEAN,28.333333333333332
False_prevapp_PREV_NAME_SELLER_INDUSTRY_Consumer electronics_MEAN,99.0
False_prevapp_PREV_NAME_SELLER_INDUSTRY_Furniture_MEAN,31.333333333333332
False_prevapp_PREV_NAME_SELLER_INDUSTRY_Industry_MEAN,12.0
False_prevapp_PREV_NAME_SELLER_INDUSTRY_XNA_MEAN,71.33333333333333
False_prevapp_PREV_NAME_TYPE_SUITE_Children_MEAN,26.333333333333332
False_prevapp_PREV_NAME_TYPE_SUITE_Family_MEAN,102.33333333333333
False_prevapp_PREV_NAME_TYPE_SUITE_Group of people_MEAN,9.666666666666666
False_prevapp_PREV_NAME_TYPE_SUITE_Other_B_MEAN,26.666666666666668
"False_prevapp_PREV_NAME_TYPE_SUITE_Spouse, partner_MEAN",45.666666666666664
False_prevapp_PREV_NAME_TYPE_SUITE_Unaccompanied_MEAN,14.0
False_prevapp_PREV_NAME_TYPE_SUITE_nan_MEAN,212.0
False_prevapp_PREV_NAME_YIELD_GROUP_XNA_MEAN,116.0
False_prevapp_PREV_NAME_YIELD_GROUP_high_MEAN,11.0
False_prevapp_PREV_NAME_YIELD_GROUP_low_action_MEAN,148.33333333333334
False_prevapp_PREV_NAME_YIELD_GROUP_low_normal_MEAN,146.33333333333334
False_prevapp_PREV_NAME_YIELD_GROUP_middle_MEAN,163.33333333333334
False_prevapp_PREV_PRODUCT_COMBINATION_Card Street_MEAN,38.0
False_prevapp_PREV_PRODUCT_COMBINATION_Card X-Sell_MEAN,34.0
False_prevapp_PREV_PRODUCT_COMBINATION_Cash Street: high_MEAN,93.66666666666667
False_prevapp_PREV_PRODUCT_COMBINATION_Cash Street: low_MEAN,122.66666666666667
False_prevapp_PREV_PRODUCT_COMBINATION_Cash Street: middle_MEAN,35.666666666666664
False_prevapp_PREV_PRODUCT_COMBINATION_Cash X-Sell: high_MEAN,121.33333333333333
False_prevapp_PREV_PRODUCT_COMBINATION_Cash X-Sell: low_MEAN,5.0
False_prevapp_PREV_PRODUCT_COMBINATION_Cash X-Sell: middle_MEAN,59.333333333333336
False_prevapp_PREV_PRODUCT_COMBINATION_Cash_MEAN,58.666666666666664
False_prevapp_PREV_PRODUCT_COMBINATION_POS household with interest_MEAN,118.33333333333333
False_prevapp_PREV_PRODUCT_COMBINATION_POS household without interest_MEAN,32.0
False_prevapp_PREV_PRODUCT_COMBINATION_POS industry with interest_MEAN,74.66666666666667
False_prevapp_PREV_PRODUCT_COMBINATION_POS industry without interest_MEAN,23.0
False_prevapp_PREV_PRODUCT_COMBINATION_POS mobile with interest_MEAN,79.33333333333333
False_prevapp_PREV_PRODUCT_COMBINATION_POS other with interest_MEAN,18.0
False_prevapp_PREV_RATE_DOWN_PAYMENT_MAX,123.33333333333333
False_prevapp_PREV_RATE_DOWN_PAYMENT_MEAN,8.333333333333334
False_prevapp_PREV_RATE_DOWN_PAYMENT_MIN,105.33333333333333
False_prevapp_PREV_WEEKDAY_APPR_PROCESS_START_FRIDAY_MEAN,148.33333333333334
False_prevapp_PREV_WEEKDAY_APPR_PROCESS_START_MONDAY_MEAN,146.33333333333334
False_prevapp_PREV_WEEKDAY_APPR_PROCESS_START_SATURDAY_MEAN,109.66666666666667
False_prevapp_PREV_WEEKDAY_APPR_PROCESS_START_SUNDAY_MEAN,80.33333333333333
False_prevapp_PREV_WEEKDAY_APPR_PROCESS_START_THURSDAY_MEAN,181.33333333333334
False_prevapp_PREV_WEEKDAY_APPR_PROCESS_START_TUESDAY_MEAN,129.66666666666666
False_prevapp_PREV_WEEKDAY_APPR_PROCESS_START_WEDNESDAY_MEAN,119.0
False_prevapp_REFUSED_AMT_ANNUITY_MAX,76.33333333333333
False_prevapp_REFUSED_AMT_ANNUITY_MEAN,76.0
False_prevapp_REFUSED_AMT_ANNUITY_SUM,93.66666666666667
False_prevapp_REFUSED_AMT_APPLICATION_MEAN,47.333333333333336
False_prevapp_REFUSED_AMT_APPLICATION_MIN,71.0
False_prevapp_REFUSED_AMT_CREDIT_MAX,54.333333333333336
False_prevapp_REFUSED_AMT_CREDIT_MEAN,52.0
False_prevapp_REFUSED_AMT_CREDIT_MIN,135.0
False_prevapp_REFUSED_AMT_DOWN_PAYMENT_MAX,31.666666666666668
False_prevapp_REFUSED_AMT_DOWN_PAYMENT_MEAN,14.666666666666666
False_prevapp_REFUSED_AMT_DOWN_PAYMENT_MIN,16.333333333333332
False_prevapp_REFUSED_AMT_GOODS_PRICE_MAX,62.0
False_prevapp_REFUSED_AMT_GOODS_PRICE_MEAN,72.33333333333333
False_prevapp_REFUSED_AMT_GOODS_PRICE_MIN,74.0
False_prevapp_REFUSED_AMT_GOODS_PRICE_SUM,86.33333333333333
False_prevapp_REFUSED_APP_CREDIT_PERC_MAX,86.0
False_prevapp_REFUSED_APP_CREDIT_PERC_MEAN,97.66666666666667
False_prevapp_REFUSED_APP_CREDIT_PERC_MIN,127.0
False_prevapp_REFUSED_CNT_PAYMENT_MEAN,119.33333333333333
False_prevapp_REFUSED_CNT_PAYMENT_SUM,74.0
False_prevapp_REFUSED_DAYS_DECISION_MAX,14.666666666666666
False_prevapp_REFUSED_DAYS_DECISION_MEAN,161.66666666666666
False_prevapp_REFUSED_DAYS_DECISION_MIN,113.0
False_prevapp_REFUSED_HOUR_APPR_PROCESS_START_MAX,39.333333333333336
False_prevapp_REFUSED_HOUR_APPR_PROCESS_START_MEAN,92.66666666666667
False_prevapp_REFUSED_HOUR_APPR_PROCESS_START_MIN,63.0
False_prevapp_REFUSED_RATE_DOWN_PAYMENT_MAX,34.333333333333336
False_prevapp_REFUSED_RATE_DOWN_PAYMENT_MEAN,21.666666666666668
False_prevapp_REFUSED_RATE_DOWN_PAYMENT_MIN,31.666666666666668
HOUR_APPR_PROCESS_START,180.0
LANDAREA_AVG,79.66666666666667
LANDAREA_MEDI,64.66666666666667
LANDAREA_MODE,80.0
LIVE_CITY_NOT_WORK_CITY,22.0
LIVE_REGION_NOT_WORK_REGION,19.0
LIVINGAPARTMENTS_AVG,47.333333333333336
LIVINGAPARTMENTS_MEDI,37.666666666666664
LIVINGAPARTMENTS_MODE,35.0
LIVINGAREA_AVG,75.33333333333333
LIVINGAREA_MEDI,73.0
LIVINGAREA_MODE,82.66666666666667
NAME_EDUCATION_TYPE_AMT_ANNUITY_f1_mean,295.0
NAME_EDUCATION_TYPE_Higher education,14.0
NAME_EDUCATION_TYPE_Secondary / secondary special,15.666666666666666
NAME_FAMILY_STATUS_Married,229.0
NAME_FAMILY_STATUS_Separated,8.333333333333334
NAME_FAMILY_STATUS_Single / not married,20.666666666666668
NAME_HOUSING_TYPE_House / apartment,15.333333333333334
NAME_HOUSING_TYPE_Municipal apartment,23.666666666666668
NAME_HOUSING_TYPE_Office apartment,36.0
NAME_INCOME_TYPE_Commercial associate,9.0
NAME_INCOME_TYPE_State servant,57.666666666666664
NAME_INCOME_TYPE_Working,74.33333333333333
NAME_TYPE_SUITE_Other_B,13.333333333333334
NAME_TYPE_SUITE_Unaccompanied,11.333333333333334
NEW_ANNUITY_TO_INCOME_RATIO,527.0
NEW_CAR_TO_BIRTH_RATIO,284.6666666666667
NEW_CAR_TO_EMPLOY_RATIO,190.0
NEW_CREDIT_TO_ANNUITY_RATIO,1350.0
NEW_CREDIT_TO_ANNUITY_RATIO_GOODS_PRICE,670.0
NEW_CREDIT_TO_GOODS_RATIO,546.6666666666666
NEW_CREDIT_TO_INCOME_RATIO,358.3333333333333
NEW_DOC_IND_KURT,155.0
NEW_EMPLOY_TO_BIRTH_RATIO,629.0
NEW_EXT_SOURCES_MEAN,1009.6666666666666
NEW_EXT_SOURCES_MEANp,408.0
NEW_INC_BY_ORG,78.66666666666667
NEW_INC_PER_CHLD,229.0
NEW_LIVE_IND_SUM,35.666666666666664
NEW_PHONE_TO_BIRTH_RATIO,448.6666666666667
NEW_SCORES_STD,372.6666666666667
NEW_SOURCES_PROD,796.0
NONLIVINGAPARTMENTS_AVG,38.666666666666664
NONLIVINGAPARTMENTS_MEDI,17.0
NONLIVINGAPARTMENTS_MODE,13.0
NONLIVINGAREA_AVG,66.66666666666667
NONLIVINGAREA_MEDI,41.333333333333336
NONLIVINGAREA_MODE,73.33333333333333
OBS_30_CNT_SOCIAL_CIRCLE,73.33333333333333
OBS_60_CNT_SOCIAL_CIRCLE,80.33333333333333
OCCUPATION_TYPE_Accountants,30.666666666666668
OCCUPATION_TYPE_Core staff,59.0
OCCUPATION_TYPE_Drivers,56.666666666666664
OCCUPATION_TYPE_High skill tech staff,35.0
OCCUPATION_TYPE_Laborers,34.0
OCCUPATION_TYPE_Low-skill Laborers,14.666666666666666
OCCUPATION_TYPE_Medicine staff,22.333333333333332
OCCUPATION_TYPE_Sales staff,15.0
ORGANIZATION_TYPE_Bank,18.666666666666668
ORGANIZATION_TYPE_Business Entity Type 3,64.33333333333333
ORGANIZATION_TYPE_Construction,61.333333333333336
ORGANIZATION_TYPE_Industry: type 9,42.333333333333336
ORGANIZATION_TYPE_Kindergarten,16.666666666666668
ORGANIZATION_TYPE_Medicine,21.666666666666668
ORGANIZATION_TYPE_Military,54.0
ORGANIZATION_TYPE_Police,15.0
ORGANIZATION_TYPE_School,48.333333333333336
ORGANIZATION_TYPE_Security Ministries,20.666666666666668
ORGANIZATION_TYPE_Self-employed,99.33333333333333
ORGANIZATION_TYPE_Trade: type 3,13.666666666666666
ORGANIZATION_TYPE_Transport: type 3,59.0
OWN_CAR_AGE,227.66666666666666
REGION_POPULATION_RELATIVE,484.3333333333333
REGION_RATING_CLIENT,28.666666666666668
REGION_RATING_CLIENT_W_CITY,175.66666666666666
REG_CITY_NOT_LIVE_CITY,95.66666666666667
REG_CITY_NOT_WORK_CITY,9.666666666666666
TOTALAREA_MODE,184.66666666666666
WALLSMATERIAL_MODE_Panel,15.0
"WALLSMATERIAL_MODE_Stone, brick",44.0
WEEKDAY_APPR_PROCESS_START_FRIDAY,12.333333333333334
WEEKDAY_APPR_PROCESS_START_MONDAY,35.0
WEEKDAY_APPR_PROCESS_START_SATURDAY,9.0
WEEKDAY_APPR_PROCESS_START_SUNDAY,17.666666666666668
WEEKDAY_APPR_PROCESS_START_TUESDAY,19.333333333333332
WEEKDAY_APPR_PROCESS_START_WEDNESDAY,15.333333333333334
YEARS_BEGINEXPLUATATION_AVG,92.33333333333333
YEARS_BEGINEXPLUATATION_MEDI,112.0
YEARS_BEGINEXPLUATATION_MODE,128.33333333333334
YEARS_BUILD_AVG,37.0
YEARS_BUILD_MEDI,29.333333333333332
YEARS_BUILD_MODE,60.333333333333336
f_12,724.3333333333334
f_13,464.6666666666667
f_15,331.6666666666667
f_16,404.6666666666667
f_17,439.6666666666667
